Instrument Data ID,Flow Cell ID,Lane,Index Sequence,Status,Library Summary,Library Name,Library Type,Sample Full Name,Species Name,Creation Event ID,Creation Date,Completion Date,Gerald Bam Path,Full Path,File1,File2
2903095430,HFWJGDSXY,2,AACTGTAT-TGGTTGTT,completed,2903028646,H_SL-DCIS-100_R-B2_Rec-DCIS-NCB-lib1,genomic library,H_SL-DCIS-100_R-B2_Rec-DCIS-NCB,human,177018988,9/6/2020 18:13,9/6/2020 22:32,,/gscmnt/gc13037/lims/2848552/2020-09/csf_177027207,AACTGTAT-TGGTTGTT_S2_L002_R1_001.fastq.gz,AACTGTAT-TGGTTGTT_S2_L002_R2_001.fastq.gz
2903095775,HFWJGDSXY,2,AAGGCGAT-TCTGCTGT,completed,2903028645,H_SL-DCIS-440_R-B16-1-lib1,genomic library,H_SL-DCIS-440_R-B16-1,human,177018973,9/6/2020 18:13,9/7/2020 6:31,,/gscmnt/gc13037/lims/2848552/2020-09/csf_177028451,AAGGCGAT-TCTGCTGT_S3_L002_R1_001.fastq.gz,AAGGCGAT-TCTGCTGT_S3_L002_R2_001.fastq.gz
2903095457,HFWJGDSXY,2,AGCCAACT-CAGTCACA,completed,2903054117,H_SL-UW-004-A3-lib1,genomic library,H_SL-UW-004-A3,human,177018997,9/6/2020 18:13,9/6/2020 22:38,,/gscmnt/gc13037/lims/2848552/2020-09/csf_177027307,AGCCAACT-CAGTCACA_S8_L002_R1_001.fastq.gz,AGCCAACT-CAGTCACA_S8_L002_R2_001.fastq.gz
2903095275,HFWJGDSXY,2,AGTATCTG-ACTTGATG,completed,2903028652,H_SL-M-024-Block-2-lib1,genomic library,H_SL-M-024-Block-2,human,177018963,9/6/2020 18:13,9/6/2020 22:26,,/gscmnt/gc13037/lims/2848552/2020-09/csf_177027062,AGTATCTG-ACTTGATG_S11_L002_R1_001.fastq.gz,AGTATCTG-ACTTGATG_S11_L002_R2_001.fastq.gz
2903095371,HFWJGDSXY,2,ATCACGTT-TAGTCTCG,completed,2903054331,H_SL-IU-007-Block-2-lib1,genomic library,H_SL-IU-007-Block-2,human,177018979,9/6/2020 18:13,9/6/2020 22:32,,/gscmnt/gc13037/lims/2848552/2020-09/csf_177027208,ATCACGTT-TAGTCTCG_S12_L002_R2_001.fastq.gz,ATCACGTT-TAGTCTCG_S12_L002_R1_001.fastq.gz
2903095433,HFWJGDSXY,2,ATGCTTGA-TAGCTTGT,completed,2903028653,H_SL-M-019-Recurrence_Rec-DCIS-lib1,genomic library,H_SL-M-019-Recurrence_Rec-DCIS,human,177018990,9/6/2020 18:13,9/6/2020 22:36,,/gscmnt/gc13037/lims/2848552/2020-09/csf_177027225,ATGCTTGA-TAGCTTGT_S13_L002_R2_001.fastq.gz,ATGCTTGA-TAGCTTGT_S13_L002_R1_001.fastq.gz
2903095487,HFWJGDSXY,2,ATGTAATG-CAGATCTG,completed,2903028654,H_SL-M-001-Block-1-lib1,genomic library,H_SL-M-001-Block-1,human,177019005,9/6/2020 18:13,9/6/2020 22:43,,/gscmnt/gc13037/lims/2848552/2020-09/csf_177027974,ATGTAATG-CAGATCTG_S14_L002_R1_001.fastq.gz,ATGTAATG-CAGATCTG_S14_L002_R2_001.fastq.gz
2903095769,HFWJGDSXY,2,CAGGCATT-TGTACCTT,completed,2903028650,H_SL-IU-007-A5_Rec-DCIS-lib1,genomic library,H_SL-IU-007-A5_Rec-DCIS,human,177018970,9/6/2020 18:13,9/7/2020 6:29,,/gscmnt/gc13037/lims/2848552/2020-09/csf_177028447,CAGGCATT-TGTACCTT_S17_L002_R2_001.fastq.gz,CAGGCATT-TGTACCTT_S17_L002_R1_001.fastq.gz
2903095451,HFWJGDSXY,2,CCACATTG-CCAACACT,completed,2903054115,H_SL-PITT-005-F-lib1,genomic library,H_SL-PITT-005-F,human,177018989,9/6/2020 18:13,9/6/2020 22:36,,/gscmnt/gc13037/lims/2848552/2020-09/csf_177027227,CCACATTG-CCAACACT_S19_L002_R2_001.fastq.gz,CCACATTG-CCAACACT_S19_L002_R1_001.fastq.gz
2903095361,HFWJGDSXY,2,GAACGACA-TCGAGCGT,completed,2903028647,H_SL-M-022-Block-2-lib1,genomic library,H_SL-M-022-Block-2,human,177018977,9/6/2020 18:13,9/6/2020 22:32,,/gscmnt/gc13037/lims/2848552/2020-09/csf_177027199,GAACGACA-TCGAGCGT_S27_L002_R2_001.fastq.gz,GAACGACA-TCGAGCGT_S27_L002_R1_001.fastq.gz
2903095778,HFWJGDSXY,2,GACACTTA-TTCCTGCT,completed,2903028642,H_SL-M-024-Block-1-lib1,genomic library,H_SL-M-024-Block-1,human,177018974,9/6/2020 18:13,9/7/2020 6:29,,/gscmnt/gc13037/lims/2848552/2020-09/csf_177028445,GACACTTA-TTCCTGCT_S28_L002_R1_001.fastq.gz,GACACTTA-TTCCTGCT_S28_L002_R2_001.fastq.gz
2903095260,HFWJGDSXY,2,GCGTCGAA-TTGGAGGT,completed,2903028649,H_SL-UW-007-A1_Rec-DCIS-lib1,genomic library,H_SL-UW-007-A1_Rec-DCIS,human,177018962,9/6/2020 18:13,9/6/2020 22:29,,/gscmnt/gc13037/lims/2848552/2020-09/csf_177027070,GCGTCGAA-TTGGAGGT_S31_L002_R2_001.fastq.gz,GCGTCGAA-TTGGAGGT_S31_L002_R1_001.fastq.gz
2903095770,HFWJGDSXY,2,GCTATGGA-TGCGATCT,completed,2903028643,H_SL-PENN-002-1H-lib1,genomic library,H_SL-PENN-002-1H,human,177018972,9/6/2020 18:13,9/7/2020 6:31,,/gscmnt/gc13037/lims/2848552/2020-09/csf_177028449,GCTATGGA-TGCGATCT_S32_L002_R2_001.fastq.gz,GCTATGGA-TGCGATCT_S32_L002_R1_001.fastq.gz
2903095506,HFWJGDSXY,2,GGCAAGCA-TGATACGT,completed,2903028648,H_SL-UW-007-E4-lib1,genomic library,H_SL-UW-007-E4,human,177019006,9/6/2020 18:13,9/6/2020 22:38,,/gscmnt/gc13037/lims/2848552/2020-09/csf_177027301,GGCAAGCA-TGATACGT_S33_L002_R1_001.fastq.gz,GGCAAGCA-TGATACGT_S33_L002_R2_001.fastq.gz
2903095766,HFWJGDSXY,2,GGTTGGAC-TACAGGAT,completed,2903028641,H_SL-M-022-Recurrence_Rec-DCIS-lib1,genomic library,H_SL-M-022-Recurrence_Rec-DCIS,human,177018966,9/6/2020 18:13,9/7/2020 6:29,,/gscmnt/gc13037/lims/2848552/2020-09/csf_177028443,GGTTGGAC-TACAGGAT_S35_L002_R1_001.fastq.gz,GGTTGGAC-TACAGGAT_S35_L002_R2_001.fastq.gz
2903095472,HFWJGDSXY,2,GTAACCGA-TGCATAGT,completed,2903028644,H_SL-DCIS-503R-A15-lib1,genomic library,H_SL-DCIS-503R-A15,human,177019003,9/6/2020 18:13,9/6/2020 22:36,,/gscmnt/gc13037/lims/2848552/2020-09/csf_177027268,GTAACCGA-TGCATAGT_S36_L002_R1_001.fastq.gz,GTAACCGA-TGCATAGT_S36_L002_R2_001.fastq.gz
2903095469,HFWJGDSXY,2,TCTCGGTT-AACGCACA,completed,2903054332,H_SL-PENN-001-1F_Rec-DCIS-lib1,genomic library,H_SL-PENN-001-1F_Rec-DCIS,human,177019001,9/6/2020 18:13,9/6/2020 22:38,,/gscmnt/gc13037/lims/2848552/2020-09/csf_177027411,TCTCGGTT-AACGCACA_S45_L002_R1_001.fastq.gz,TCTCGGTT-AACGCACA_S45_L002_R2_001.fastq.gz
2903095436,HFWJGDSXY,2,TTGAGCTC-ACATGCCA,completed,2903054116,H_SL-PENN-002-1L_Rec-DCIS-lib1,genomic library,H_SL-PENN-002-1L_Rec-DCIS,human,177018991,9/6/2020 18:13,9/6/2020 22:36,,/gscmnt/gc13037/lims/2848552/2020-09/csf_177027220,TTGAGCTC-ACATGCCA_S50_L002_R2_001.fastq.gz,TTGAGCTC-ACATGCCA_S50_L002_R1_001.fastq.gz
2903095579,HFWJGDSXY,3,CACTCGAG-CTCGAACA,completed,2903054114,H_SL-PENN-003-2C-lib1,genomic library,H_SL-PENN-003-2C,human,177015129,9/6/2020 16:49,9/6/2020 22:38,,/gscmnt/gc13037/lims/2848552/2020-09/csf_177027451,CACTCGAG-CTCGAACA_S7_L003_R1_001.fastq.gz,CACTCGAG-CTCGAACA_S7_L003_R2_001.fastq.gz
2903093123,HFWJGDSXY,3,CATGAATG-ATCCTTCC,completed,2903054111,H_SL-UW-006-C4-lib1,genomic library,H_SL-UW-006-C4,human,177015119,9/6/2020 16:48,9/6/2020 21:24,,/gscmnt/gc13037/lims/2848552/2020-09/csf_177024039,CATGAATG-ATCCTTCC_S8_L003_R2_001.fastq.gz,CATGAATG-ATCCTTCC_S8_L003_R1_001.fastq.gz
2903095568,HFWJGDSXY,3,CCGACAAG-CAGTGCTT,completed,2903054112,H_SL-UW-004-A2_Rec-DCIS-lib1,genomic library,H_SL-UW-004-A2_Rec-DCIS,human,177015123,9/6/2020 16:49,9/6/2020 22:36,,/gscmnt/gc13037/lims/2848552/2020-09/csf_177027276,CCGACAAG-CAGTGCTT_S9_L003_R2_001.fastq.gz,CCGACAAG-CAGTGCTT_S9_L003_R1_001.fastq.gz
2903095571,HFWJGDSXY,3,CGCCTTAT-CCATGAAC,completed,2903054118,H_SL-PENN-003-1D_Rec-DCIS-lib1,genomic library,H_SL-PENN-003-1D_Rec-DCIS,human,177015124,9/6/2020 16:49,9/6/2020 22:38,,/gscmnt/gc13037/lims/2848552/2020-09/csf_177027297,CGCCTTAT-CCATGAAC_S10_L003_R1_001.fastq.gz,CGCCTTAT-CCATGAAC_S10_L003_R2_001.fastq.gz
2903091358,HFWJGDSXY,3,CTATCATG-CGAAGTCA,completed,2903054110,H_SL-UW-007-E1-lib1,genomic library,H_SL-UW-007-E1,human,177015113,9/6/2020 16:48,9/6/2020 19:47,,/gscmnt/gc13037/lims/2848552/2020-09/csf_177021688,CTATCATG-CGAAGTCA_S11_L003_R2_001.fastq.gz,CTATCATG-CGAAGTCA_S11_L003_R1_001.fastq.gz
2903095559,HFWJGDSXY,3,CTGTACGG-ACAGTTCG,completed,2903054119,H_SL-UW-006-C9-lib1,genomic library,H_SL-UW-006-C9,human,177015115,9/6/2020 16:48,9/6/2020 22:36,,/gscmnt/gc13037/lims/2848552/2020-09/csf_177027266,CTGTACGG-ACAGTTCG_S12_L003_R2_001.fastq.gz,CTGTACGG-ACAGTTCG_S12_L003_R1_001.fastq.gz
2903091402,HFWJGDSXY,3,CTTGCTTC-TCAGCCTT,completed,2903054113,H_SL-PITT-002-1Z_Rec-DCIS-lib1,genomic library,H_SL-PITT-002-1Z_Rec-DCIS,human,177015118,9/6/2020 16:48,9/6/2020 19:49,,/gscmnt/gc13037/lims/2848552/2020-09/csf_177021753,CTTGCTTC-TCAGCCTT_S13_L003_R1_001.fastq.gz,CTTGCTTC-TCAGCCTT_S13_L003_R2_001.fastq.gz
2903095574,HFWJGDSXY,3,GCAACCAT-CAAGGTAC,completed,2903054121,H_SL-M-021-Block-2-lib1,genomic library,H_SL-M-021-Block-2,human,177015126,9/6/2020 16:49,9/6/2020 22:38,,/gscmnt/gc13037/lims/2848552/2020-09/csf_177027456,GCAACCAT-CAAGGTAC_S14_L003_R2_001.fastq.gz,GCAACCAT-CAAGGTAC_S14_L003_R1_001.fastq.gz
2903095528,HFWJGDSXY,3,TGACCGTT-ATTCCGCT,completed,2903054120,H_SL-M-001-Recurrence_Rec-DCIS-lib1,genomic library,H_SL-M-001-Recurrence_Rec-DCIS,human,177015114,9/6/2020 16:48,9/6/2020 22:38,,/gscmnt/gc13037/lims/2848552/2020-09/csf_177027334,TGACCGTT-ATTCCGCT_S15_L003_R1_001.fastq.gz,TGACCGTT-ATTCCGCT_S15_L003_R2_001.fastq.gz
2903090787,HFWGJDSXY,2,ACACATGT-GCCAATGT,completed,2903028656,H_SL-UW-006-A2_Rec-DCIS-lib1,genomic library,H_SL-UW-006-A2_Rec-DCIS,human,177014921,9/6/2020 16:46,9/6/2020 19:07,,/gscmnt/gc13037/lims/2848552/2020-09/csf_177020595,ACACATGT-GCCAATGT_S8_L002_R2_001.fastq.gz,ACACATGT-GCCAATGT_S8_L002_R1_001.fastq.gz
2903090538,HFWGJDSXY,2,AGTCTGTA-TCAGTAGG,completed,2903028658,H_SL-PENN-001-1P-lib1,genomic library,H_SL-PENN-001-1P,human,177014869,9/6/2020 16:45,9/6/2020 19:01,,/gscmnt/gc13037/lims/2848552/2020-09/csf_177020401,AGTCTGTA-TCAGTAGG_S21_L002_R1_001.fastq.gz,AGTCTGTA-TCAGTAGG_S21_L002_R2_001.fastq.gz
2903090205,HFWGJDSXY,2,ATAGCACG-ACAGTGGT,completed,2903028655,H_SL-M-020-Block-1-lib1,genomic library,H_SL-M-020-Block-1,human,177014791,9/6/2020 16:45,9/6/2020 18:49,,/gscmnt/gc13037/lims/2848552/2020-09/csf_177019986,ATAGCACG-ACAGTGGT_S23_L002_R2_001.fastq.gz,ATAGCACG-ACAGTGGT_S23_L002_R1_001.fastq.gz
2903090765,HFWGJDSXY,2,ATATTGTA-TTAGGCAT,completed,2903028651,H_SL-PENN-001-1O-lib1,genomic library,H_SL-PENN-001-1O,human,177014915,9/6/2020 16:46,9/6/2020 19:07,,/gscmnt/gc13037/lims/2848552/2020-09/csf_177020586,ATATTGTA-TTAGGCAT_S26_L002_R1_001.fastq.gz,ATATTGTA-TTAGGCAT_S26_L002_R2_001.fastq.gz
2903090217,HFWGJDSXY,2,CAAGACCT-TCCTCATG,completed,2903028663,H_SL-PITT-002-1P-lib1,genomic library,H_SL-PITT-002-1P,human,177014792,9/6/2020 16:45,9/6/2020 18:53,,/gscmnt/gc13037/lims/2848552/2020-09/csf_177020063,CAAGACCT-TCCTCATG_S35_L002_R2_001.fastq.gz,CAAGACCT-TCCTCATG_S35_L002_R1_001.fastq.gz
2903090457,HFWGJDSXY,2,CAATTGAT-CGATGTTT,completed,2903028657,H_SL-M-021-Recurrence_Rec-DCIS-lib1,genomic library,H_SL-M-021-Recurrence_Rec-DCIS,human,177014854,9/6/2020 16:45,9/6/2020 18:59,,/gscmnt/gc13037/lims/2848552/2020-09/csf_177020317,CAATTGAT-CGATGTTT_S38_L002_R2_001.fastq.gz,CAATTGAT-CGATGTTT_S38_L002_R1_001.fastq.gz
2903090220,HFWGJDSXY,2,CACGTCGT-GCTTCACA,completed,2903028659,H_SL-PENN-003-2D-lib1,genomic library,H_SL-PENN-003-2D,human,177014794,9/6/2020 16:45,9/6/2020 18:49,,/gscmnt/gc13037/lims/2848552/2020-09/csf_177020004,CACGTCGT-GCTTCACA_S39_L002_R2_001.fastq.gz,CACGTCGT-GCTTCACA_S39_L002_R1_001.fastq.gz
2903090664,HFWGJDSXY,2,CCACCGAT-CTCTATCG,completed,2903028664,H_SL-PITT-005-1D-2_Rec-DCIS-lib1,genomic library,H_SL-PITT-005-1D-2_Rec-DCIS,human,177014895,9/6/2020 16:46,9/6/2020 19:06,,/gscmnt/gc13037/lims/2848552/2020-09/csf_177020498,CCACCGAT-CTCTATCG_S44_L002_R1_001.fastq.gz,CCACCGAT-CTCTATCG_S44_L002_R2_001.fastq.gz
2903090199,HFWGJDSXY,2,CCGTATCT-CTCGTTCT,completed,2903028660,H_SL-DCIS-503R-A11_Rec-DCIS-lib1,genomic library,H_SL-DCIS-503R-A11_Rec-DCIS,human,177014790,9/6/2020 16:45,9/6/2020 18:49,,/gscmnt/gc13037/lims/2848552/2020-09/csf_177019998,CCGTATCT-CTCGTTCT_S47_L002_R1_001.fastq.gz,CCGTATCT-CTCGTTCT_S47_L002_R2_001.fastq.gz
2903090531,HFWGJDSXY,2,CCTAGTAT-ACTCTCCA,completed,2903028662,H_SL-M-024-Recurrence_Rec-DCIS-lib1,genomic library,H_SL-M-024-Recurrence_Rec-DCIS,human,177014865,9/6/2020 16:45,9/6/2020 19:01,,/gscmnt/gc13037/lims/2848552/2020-09/csf_177020403,CCTAGTAT-ACTCTCCA_S48_L002_R1_001.fastq.gz,CCTAGTAT-ACTCTCCA_S48_L002_R2_001.fastq.gz
2903090550,HFWGJDSXY,2,CGCTTCCT-AACAACCG,completed,2903028661,H_SL-UW-004-A5-lib1,genomic library,H_SL-UW-004-A5,human,177014871,9/6/2020 16:45,9/6/2020 19:01,,/gscmnt/gc13037/lims/2848552/2020-09/csf_177020411,CGCTTCCT-AACAACCG_S52_L002_R2_001.fastq.gz,CGCTTCCT-AACAACCG_S52_L002_R1_001.fastq.gz
2903117463,HFJYVDSXY,2,AACGCACA-TCTCGGTT,completed,2903054333,H_SL-DCIS-440_R-A7_Rec-DCIS-lib1,genomic library,H_SL-DCIS-440_R-A7_Rec-DCIS,human,177091591,9/10/2020 15:34,9/10/2020 17:09,,/gscmnt/gc13037/lims/2848552/2020-09/csf_177096315,AACGCACA-TCTCGGTT_S2_L002_R1_001.fastq.gz,AACGCACA-TCTCGGTT_S2_L002_R2_001.fastq.gz
2903117404,HFJYVDSXY,2,ACACCTCA-CACCCAAA,completed,2903054342,H_SL-PITT-001-B-1-lib1,genomic library,H_SL-PITT-001-B-1,human,177091575,9/10/2020 15:34,9/10/2020 17:01,,/gscmnt/gc13037/lims/2848552/2020-09/csf_177096088,ACACCTCA-CACCCAAA_S5_L002_R1_001.fastq.gz,ACACCTCA-CACCCAAA_S5_L002_R2_001.fastq.gz
2903117441,HFJYVDSXY,2,ACCATAGG-TCGAAGTG,completed,2903054339,H_SL-M-020-Block-2-lib1,genomic library,H_SL-M-020-Block-2,human,177091588,9/10/2020 15:34,9/10/2020 17:07,,/gscmnt/gc13037/lims/2848552/2020-09/csf_177096214,ACCATAGG-TCGAAGTG_S9_L002_R1_001.fastq.gz,ACCATAGG-TCGAAGTG_S9_L002_R2_001.fastq.gz
2903117412,HFJYVDSXY,2,CAACACAG-CTTCACAT,completed,2903054338,H_SL-M-022-Block-1-lib1,genomic library,H_SL-M-022-Block-1,human,177091578,9/10/2020 15:34,9/10/2020 18:21,,/gscmnt/gc13037/lims/2848552/2020-09/csf_177096090,CAACACAG-CTTCACAT_S16_L002_R1_001.fastq.gz,CAACACAG-CTTCACAT_S16_L002_R2_001.fastq.gz
2903117263,HFJYVDSXY,2,CACCCAAA-ACACCTCA,completed,2903054341,H_SL-PITT-001-H_Rec-DCIS-lib1,genomic library,H_SL-PITT-001-H_Rec-DCIS,human,177091551,9/10/2020 15:34,9/10/2020 17:01,,/gscmnt/gc13037/lims/2848552/2020-09/csf_177095900,CACCCAAA-ACACCTCA_S18_L002_R2_001.fastq.gz,CACCCAAA-ACACCTCA_S18_L002_R1_001.fastq.gz
2903117309,HFJYVDSXY,2,CAGGTAAG-TTGACTCT,completed,2903054336,H_SL-M-021-Block-1-lib1,genomic library,H_SL-M-021-Block-1,human,177091563,9/10/2020 15:34,9/10/2020 17:00,,/gscmnt/gc13037/lims/2848552/2020-09/csf_177095848,CAGGTAAG-TTGACTCT_S21_L002_R2_001.fastq.gz,CAGGTAAG-TTGACTCT_S21_L002_R1_001.fastq.gz
2903117431,HFJYVDSXY,2,CTTCACAT-CAACACAG,completed,2903054340,H_SL-DCIS-100_R-A5-lib1,genomic library,H_SL-DCIS-100_R-A5,human,177091582,9/10/2020 15:34,9/10/2020 17:07,,/gscmnt/gc13037/lims/2848552/2020-09/csf_177096167,CTTCACAT-CAACACAG_S31_L002_R2_001.fastq.gz,CTTCACAT-CAACACAG_S31_L002_R1_001.fastq.gz
2903117228,HFJYVDSXY,2,TAGTCTCG-ATCACGTT,completed,2903054337,H_SL-PITT-001-B-2-lib1,genomic library,H_SL-PITT-001-B-2,human,177091550,9/10/2020 15:34,9/10/2020 17:00,,/gscmnt/gc13037/lims/2848552/2020-09/csf_177095781,TAGTCTCG-ATCACGTT_S40_L002_R1_001.fastq.gz,TAGTCTCG-ATCACGTT_S40_L002_R2_001.fastq.gz
2903117328,HFJYVDSXY,2,TCGAAGTG-ACCATAGG,completed,2903054334,H_SL-PENN-002-1J-lib1,genomic library,H_SL-PENN-002-1J,human,177091569,9/10/2020 15:34,9/10/2020 17:01,,/gscmnt/gc13037/lims/2848552/2020-09/csf_177095877,TCGAAGTG-ACCATAGG_S44_L002_R2_001.fastq.gz,TCGAAGTG-ACCATAGG_S44_L002_R1_001.fastq.gz
2903117267,HFJYVDSXY,2,TTGACTCT-CAGGTAAG,completed,2903054335,H_SL-M-019-Block-1-lib1,genomic library,H_SL-M-019-Block-1,human,177091552,9/10/2020 15:34,9/10/2020 17:01,,/gscmnt/gc13037/lims/2848552/2020-09/csf_177095958,TTGACTCT-CAGGTAAG_S49_L002_R1_001.fastq.gz,TTGACTCT-CAGGTAAG_S49_L002_R2_001.fastq.gz
